Workbook

Sheet Q1_Pivot_Analysis
A3: Row Labels | B3: Sum of Total Sales | C3: Sum of Quantity
A4: Clothing | B4: 270750 | C4: 95
A5: Electronics | B5: 1651500 | C5: 37
A6: Groceries | B6: 144725 | C6: 285
A7: Grand Total | B7: 2066975 | C7: 417

Sheet Q1_Sales_Data
A1: Date | B1: ProductID | C1: Product Name | D1: Category | E1: Quantity | F1: Unit Price | G1: Total Sales | I1: Total Sales | J1: =SUM(G2:G21) -> 2066975
A2: 45660 | B2: EL-001 | C2: =VLOOKUP(B2, Product_Lookup!$A$1:$D$21, 2, 0) -> Samsung Galaxy A35 | D2: =VLOOKUP(B2,Product_Lookup!$A$1:$D$21, 3, 0) -> Electronics | E2: 5 | F2: =VLOOKUP(B2,Product_Lookup!$A$1:$D$21, 4, 0) -> 89900 | G2: =E2*F2 -> 449500 | I2: Electronic Sales | J2: =SUMIF(D2:D21, "Electronics", G2:G21) -> 1651500
A3: 45664 | B3: CL-001 | C3: Batik Sarong (Men) | D3: =VLOOKUP(B3,Product_Lookup!$A$1:$D$21, 3, 0) -> Clothing | E3: 20 | F3: =VLOOKUP(B3,Product_Lookup!$A$1:$D$21, 4, 0) -> 1850 | G3: =E3*F3 -> 37000 | I3: Clothing Sales | J3: =SUMIF(D2:D21, "Clothing", G2:G21) -> 270750
A4: 45667 | B4: GR-001 | C4: Basmati Rice 5kg | D4: =VLOOKUP(B4,Product_Lookup!$A$1:$D$21, 3, 0) -> Groceries | E4: 30 | F4: =VLOOKUP(B4,Product_Lookup!$A$1:$D$21, 4, 0) -> 995 | G4: =E4*F4 -> 29850 | I4: Groceries Sales | J4: =SUMIF(D2:D21, "Groceries",G2:G21) -> 144725
A5: 45671 | B5: EL-002 | C5: Hisense 43" Smart TV | D5: =VLOOKUP(B5,Product_Lookup!$A$1:$D$21, 3, 0) -> Electronics | E5: 3 | F5: =VLOOKUP(B5,Product_Lookup!$A$1:$D$21, 4, 0) -> 74500 | G5: =E5*F5 -> 223500 | I5: Average Sales | J5: =AVERAGE(G2:G21) -> 103348.75
A6: 45675 | B6: CL-002 | C6: Ladies Kandyan Saree | D6: =VLOOKUP(B6,Product_Lookup!$A$1:$D$21, 3, 0) -> Clothing | E6: 8 | F6: =VLOOKUP(B6,Product_Lookup!$A$1:$D$21, 4, 0) -> 5500 | G6: =E6*F6 -> 44000 | I6: Highest Sales | J6: =MAX(G2:G21) -> 449500
A7: 45679 | B7: GR-002 | C7: Ceylon Tea 400g | D7: =VLOOKUP(B7,Product_Lookup!$A$1:$D$21, 3, 0) -> Groceries | E7: 50 | F7: =VLOOKUP(B7,Product_Lookup!$A$1:$D$21, 4, 0) -> 620 | G7: =E7*F7 -> 31000 | I7: Lowest Sales | J7: =MIN(G2:G21) -> 9750
A8: 45685 | B8: EL-003 | C8: JBL Bluetooth Speaker | D8: =VLOOKUP(B8,Product_Lookup!$A$1:$D$21, 3, 0) -> Electronics | E8: 10 | F8: =VLOOKUP(B8,Product_Lookup!$A$1:$D$21, 4, 0) -> 12800 | G8: =E8*F8 -> 128000
A9: 45691 | B9: CL-003 | C9: School Uniform Set | D9: =VLOOKUP(B9,Product_Lookup!$A$1:$D$21, 3, 0) -> Clothing | E9: 15 | F9: =VLOOKUP(B9,Product_Lookup!$A$1:$D$21, 4, 0) -> 2750 | G9: =E9*F9 -> 41250
A10: 45695 | B10: GR-003 | C10: Coconut Oil 1L | D10: =VLOOKUP(B10,Product_Lookup!$A$1:$D$21, 3, 0) -> Groceries | E10: 40 | F10: =VLOOKUP(B10,Product_Lookup!$A$1:$D$21, 4, 0) -> 580 | G10: =E10*F10 -> 23200
A11: 45699 | B11: EL-004 | C11: Xiaomi Redmi Note 13 | D11: =VLOOKUP(B11,Product_Lookup!$A$1:$D$21, 3, 0) -> Electronics | E11: 7 | F11: =VLOOKUP(B11,Product_Lookup!$A$1:$D$21, 4, 0) -> 55900 | G11: =E11*F11 -> 391300
A12: 45702 | B12: GR-004 | C12: Maldive Fish 250g | D12: =VLOOKUP(B12,Product_Lookup!$A$1:$D$21, 3, 0) -> Groceries | E12: 25 | F12: =VLOOKUP(B12,Product_Lookup!$A$1:$D$21, 4, 0) -> 390 | G12: =E12*F12 -> 9750
A13: 45706 | B13: CL-004 | C13: Cotton Kurta (Ladies) | D13: =VLOOKUP(B13,Product_Lookup!$A$1:$D$21, 3, 0) -> Clothing | E13: 12 | F13: =VLOOKUP(B13,Product_Lookup!$A$1:$D$21, 4, 0) -> 3200 | G13: =E13*F13 -> 38400
A14: 45710 | B14: EL-005 | C14: Panasonic Microwave Oven | D14: =VLOOKUP(B14,Product_Lookup!$A$1:$D$21, 3, 0) -> Electronics | E14: 4 | F14: =VLOOKUP(B14,Product_Lookup!$A$1:$D$21, 4, 0) -> 32500 | G14: =E14*F14 -> 130000
A15: 45714 | B15: GR-005 | C15: Dhal 1Kg | D15: =VLOOKUP(B15,Product_Lookup!$A$1:$D$21, 3, 0) -> Groceries | E15: 60 | F15: =VLOOKUP(B15,Product_Lookup!$A$1:$D$21, 4, 0) -> 295 | G15: =E15*F15 -> 17700
A16: 45720 | B16: CL-005 | C16: Jeans-Slim Fit | D16: =VLOOKUP(B16,Product_Lookup!$A$1:$D$21, 3, 0) -> Clothing | E16: 18 | F16: =VLOOKUP(B16,Product_Lookup!$A$1:$D$21, 4, 0) -> 4100 | G16: =E16*F16 -> 73800
A17: 45724 | B17: EL-006 | C17: HP Laptop 15s | D17: =VLOOKUP(B17,Product_Lookup!$A$1:$D$21, 3, 0) -> Electronics | E17: 2 | F17: =VLOOKUP(B17,Product_Lookup!$A$1:$D$21, 4, 0) -> 89900 | G17: =E17*F17 -> 179800
A18: 45728 | B18: GR-006 | C18: Anchor Full Cream Milk 1L | D18: =VLOOKUP(B18,Product_Lookup!$A$1:$D$21, 3, 0) -> Groceries | E18: 45 | F18: =VLOOKUP(B18,Product_Lookup!$A$1:$D$21, 4, 0) -> 365 | G18: =E18*F18 -> 16425
A19: 45733 | B19: CL-006 | C19: Polo T-Shirt (Men) | D19: =VLOOKUP(B19,Product_Lookup!$A$1:$D$21, 3, 0) -> Clothing | E19: 22 | F19: =VLOOKUP(B19,Product_Lookup!$A$1:$D$21, 4, 0) -> 1650 | G19: =E19*F19 -> 36300
... A21: 45744 | B21: GR-007 | C21: Sprats (Dried) 500g | D21: =VLOOKUP(B21,Product_Lookup!$A$1:$D$21, 3, 0) -> Groceries | E21: 35 | F21: =VLOOKUP(B21,Product_Lookup!$A$1:$D$21, 4, 0) -> 480 | G21: =E21*F21 -> 16800

Sheet Product_Lookup
A1: Product ID | B1: Product Name | C1: Category | D1: Unit Price
A2: EL-001 | B2: Samsung Galaxy A35 | C2: Electronics | D2: 89900
A3: EL-002 | B3: Hisense 43" Smart TV | C3: Electronics | D3: 74500
A4: EL-003 | B4: JBL Bluetooth Speaker | C4: Electronics | D4: 12800
A5: EL-004 | B5: Xiaomi Redmi Note 13 | C5: Electronics | D5: 55900
A6: EL-005 | B6: Panasonic Microwave Oven | C6: Electronics | D6: 32500
A7: EL-006 | B7: HP Laptop 15s | C7: Electronics | D7: 89900
A8: EL-007 | B8: Sony Noise - Cancel Headphones | C8: Electronics | D8: 24900
A9: CL-001 | B9: Batik Sarong (Men) | C9: Clothing | D9: 1850
A10: CL-002 | B10: Ladies Kandyan Saree | C10: Clothing | D10: 5500
A11: CL-003 | B11: School Uniform Set | C11: Clothing | D11: 2750
A12: CL-004 | B12: Cotton Kurta (Ladies) | C12: Clothing | D12: 3200
A13: CL-005 | B13: Jeans - Slim Fit | C13: Clothing | D13: 4100
... A21: GR-007 | B21: Sprats (Dried) 500g | C21: Groceries | D21: 480

Sheet Dashboard
B2: NovaTech Retail - Q1 2025 Sales Dashboard
B4: Total Sales | D4: Top Category | F4: Highest Sale | H4: Lowest Sale
B5: =Q1_Sales_Data!J1 -> 2066975 | D5: ="Electronics" -> Electronics | F5: =Q1_Sales_Data!J6 -> 449500 | H5: =Q1_Sales_Data!J7 -> 9750
B27: Category | C27: Total Sales | D27: % of Total
B28: Electronics | C28: =Q1_Sales_Data!J2 -> 1651500 | D28: =C28/Q1_Sales_Data!J1 -> 0.7989937
B29: Clothing | C29: =Q1_Sales_Data!J3 -> 270750 | D29: =C29/Q1_Sales_Data!J1 -> 0.13098852
B30: Groceries | C30: =Q1_Sales_Data!J4 -> 144725 | D30: =C30/Q1_Sales_Data!J1 -> 0.07001778
